{
  "layer1.0.pool": 2.399191267603566,
  "layer2.0.pool": 2.2563335018727773,
  "layer3.0.pool": 2.4270250044532853,
  "layer4.0.pool": 2.436746457893699
}