{
  "layer1.0.pool": 1.4818960428237915,
  "layer2.0.pool": 2.1780920028686523,
  "layer3.0.pool": 0.7107082009315491,
  "layer4.0.pool": 1.212864875793457
}