{
  "layer1.0.pool": 0.29904645681381226,
  "layer2.0.pool": 0.48129597306251526,
  "layer3.0.pool": 1.5353683233261108,
  "layer4.0.pool": 0.17170637845993042
}