{
  "layer1.0.pool": 1.4968864917755127,
  "layer2.0.pool": 0.6733012795448303,
  "layer3.0.pool": 0.7068572044372559,
  "layer4.0.pool": 1.3957016468048096
}