{
  "layer1.0.pool": 2.127489601887176,
  "layer2.0.pool": 2.233051148937896,
  "layer3.0.pool": 2.266325162134104,
  "layer4.0.pool": 2.229174064927499
}