{
  "layer1.0.pool": 0.3146660625934601,
  "layer2.0.pool": 3.0756590366363525,
  "layer3.0.pool": 0.00606834189966321,
  "layer4.0.pool": 0.11097021400928497
}