{
  "layer1.0.pool": 0.5241727232933044,
  "layer2.0.pool": 1.2116273641586304,
  "layer3.0.pool": 1.378551959991455,
  "layer4.0.pool": 1.0819964408874512
}