{
  "layer1.0.pool": 2.244088432822215,
  "layer2.0.pool": 1.88522025627077,
  "layer3.0.pool": 1.8430801636867675,
  "layer4.0.pool": 1.823088229502463
}