{
  "layer1.0.pool": 1.2228552103042603,
  "layer2.0.pool": 1.5715787410736084,
  "layer3.0.pool": 0.5102312564849854,
  "layer4.0.pool": 1.542286992073059
}