{
  "layer1.0.pool": 0.7814940214157104,
  "layer2.0.pool": 1.1256444454193115,
  "layer3.0.pool": 1.1066409349441528,
  "layer4.0.pool": 0.96919184923172
}