{
  "layer1.0.pool": 0.7378911972045898,
  "layer2.0.pool": 1.5917786359786987,
  "layer3.0.pool": 1.057653546333313,
  "layer4.0.pool": 1.544336199760437
}