{
  "layer1.0.pool": 0.2932792007923126,
  "layer2.0.pool": 2.936870574951172,
  "layer3.0.pool": 0.9992908239364624,
  "layer4.0.pool": 3.0328521728515625
}