{
  "layer1.0.pool": 0.4624830484390259,
  "layer2.0.pool": 1.7849980592727661,
  "layer3.0.pool": 3.013989210128784,
  "layer4.0.pool": 0.09593120217323303
}