{
  "layer1.0.pool": 0.6157400608062744,
  "layer2.0.pool": 1.5281362533569336,
  "layer3.0.pool": 1.2197504043579102,
  "layer4.0.pool": 0.7032230496406555
}