{
  "layer1.0.pool": 2.1516230220438515,
  "layer2.0.pool": 2.0864131092635234,
  "layer3.0.pool": 1.8288425299921758,
  "layer4.0.pool": 1.8900409107389498
}