{
  "layer1.0.pool": 0.2769021987915039,
  "layer2.0.pool": 1.129357099533081,
  "layer3.0.pool": 1.035003423690796,
  "layer4.0.pool": 1.2821481227874756
}