{
  "layer1.0.pool": 2.1021108627319336,
  "layer2.0.pool": 1.4780538082122803,
  "layer3.0.pool": 1.207003116607666,
  "layer4.0.pool": 1.5398147106170654
}