{
  "layer1.0.pool": 1.8291831441344077,
  "layer2.0.pool": 2.1484234212476356,
  "layer3.0.pool": 1.8210891109854384,
  "layer4.0.pool": 2.0269629273248184
}