{
  "layer1.0.pool": 1.5103458365836224,
  "layer2.0.pool": 2.2935752297802297,
  "layer3.0.pool": 1.7827860301598055,
  "layer4.0.pool": 1.6576988101750048
}