{
  "layer1.0.pool": 1.5128620862960815,
  "layer2.0.pool": 0.6571168899536133,
  "layer3.0.pool": 1.0840930938720703,
  "layer4.0.pool": 1.0675691366195679
}