{
  "layer1.0.pool": 2.0531512675457346,
  "layer2.0.pool": 2.1202215439891052,
  "layer3.0.pool": 1.47461140583829,
  "layer4.0.pool": 2.5707458216307737
}