{
  "layer1.0.pool": 0.9251630306243896,
  "layer2.0.pool": 1.2306329011917114,
  "layer3.0.pool": 0.9069165587425232,
  "layer4.0.pool": 1.272223949432373
}