{
  "layer1.0.pool": 1.2127923965454102,
  "layer2.0.pool": 1.3131122589111328,
  "layer3.0.pool": 1.2421393394470215,
  "layer4.0.pool": 1.4489423036575317
}