{
  "layer1.0.pool": 2.1888405942479787,
  "layer2.0.pool": 2.0711521351141227,
  "layer3.0.pool": 2.5194763712180874,
  "layer4.0.pool": 1.7448666317846584
}