{
  "layer1.0.pool": 1.2637438774108887,
  "layer2.0.pool": 1.275418996810913,
  "layer3.0.pool": 0.5560021996498108,
  "layer4.0.pool": 1.6423194408416748
}