{
  "layer1.0.pool": 1.552504092758497,
  "layer2.0.pool": 1.9736228275527037,
  "layer3.0.pool": 2.1810757527768785,
  "layer4.0.pool": 2.0109074365148953
}