{
  "layer1.0.pool": 1.2379261255264282,
  "layer2.0.pool": 1.267664909362793,
  "layer3.0.pool": 1.3722871541976929,
  "layer4.0.pool": 1.1453495025634766
}