{
  "layer1.0.pool": 1.2017303705215454,
  "layer2.0.pool": 1.2383308410644531,
  "layer3.0.pool": 1.2114102840423584,
  "layer4.0.pool": 1.236694097518921
}