{
  "layer1.0.pool": 1.1427568197250366,
  "layer2.0.pool": 1.126668930053711,
  "layer3.0.pool": 1.2149484157562256,
  "layer4.0.pool": 1.2585539817810059
}