{
  "layer1.0.pool": 0.9025072455406189,
  "layer2.0.pool": 1.0661725997924805,
  "layer3.0.pool": 1.3330994844436646,
  "layer4.0.pool": 1.2895852327346802
}