{
  "layer1.0.pool": 1.2043360471725464,
  "layer2.0.pool": 1.2658789157867432,
  "layer3.0.pool": 1.2362029552459717,
  "layer4.0.pool": 1.2613615989685059
}