{
  "layer1.0.pool": 1.2733818292617798,
  "layer2.0.pool": 1.2820805311203003,
  "layer3.0.pool": 1.3062735795974731,
  "layer4.0.pool": 1.2974506616592407
}