{
  "layer1.0.pool": 1.1011122465133667,
  "layer2.0.pool": 1.3279318809509277,
  "layer3.0.pool": 1.2687181234359741,
  "layer4.0.pool": 1.2733759880065918
}