{
  "layer1.0.pool": 1.154388427734375,
  "layer2.0.pool": 1.1279587745666504,
  "layer3.0.pool": 1.0329574346542358,
  "layer4.0.pool": 1.302353858947754
}