{
  "layer1.0.pool": 1.1982449293136597,
  "layer2.0.pool": 1.2205307483673096,
  "layer3.0.pool": 1.1856008768081665,
  "layer4.0.pool": 1.2093034982681274
}