{
  "layer1.0.pool": 1.0981358289718628,
  "layer2.0.pool": 1.118013620376587,
  "layer3.0.pool": 1.409974217414856,
  "layer4.0.pool": 1.3136730194091797
}