{
  "layer1.0.pool": 1.299733281135559,
  "layer2.0.pool": 1.261582851409912,
  "layer3.0.pool": 1.089266300201416,
  "layer4.0.pool": 1.309204339981079
}