{
  "layer1.0.pool": 1.2695434093475342,
  "layer2.0.pool": 1.2263619899749756,
  "layer3.0.pool": 1.254764437675476,
  "layer4.0.pool": 1.2806942462921143
}