{
  "layer1.0.pool": 1.2165684700012207,
  "layer2.0.pool": 1.103980302810669,
  "layer3.0.pool": 1.206944227218628,
  "layer4.0.pool": 1.5149376392364502
}