{
  "layer1.0.pool": 1.2112666368484497,
  "layer2.0.pool": 1.1517202854156494,
  "layer3.0.pool": 1.2746976613998413,
  "layer4.0.pool": 1.274348497390747
}