{
  "layer1.0.pool": 1.2198561429977417,
  "layer2.0.pool": 1.2692958116531372,
  "layer3.0.pool": 1.2583736181259155,
  "layer4.0.pool": 1.4049367904663086
}