{
  "layer1.0.pool": 0.9846057891845703,
  "layer2.0.pool": 1.1126220226287842,
  "layer3.0.pool": 1.2934842109680176,
  "layer4.0.pool": 1.227203607559204
}