{
  "layer1.0.pool": 1.2666678428649902,
  "layer2.0.pool": 1.0395280122756958,
  "layer3.0.pool": 1.1994270086288452,
  "layer4.0.pool": 1.4051671028137207
}