{
  "layer1.0.pool": 1.2510287761688232,
  "layer2.0.pool": 0.9222899079322815,
  "layer3.0.pool": 0.9477872848510742,
  "layer4.0.pool": 1.3558624982833862
}