{
  "layer1.0.pool": 1.3016942739486694,
  "layer2.0.pool": 1.2508690357208252,
  "layer3.0.pool": 1.2172327041625977,
  "layer4.0.pool": 1.3384497165679932
}