{
  "layer1.0.pool": 1.0064857006072998,
  "layer2.0.pool": 1.326434850692749,
  "layer3.0.pool": 1.0541290044784546,
  "layer4.0.pool": 1.4227043390274048
}