{
  "layer1.0.pool": 1.0612728595733643,
  "layer2.0.pool": 1.328658103942871,
  "layer3.0.pool": 1.0553240776062012,
  "layer4.0.pool": 1.127003788948059
}