{
  "layer1.0.pool": 1.1495730876922607,
  "layer2.0.pool": 1.0707776546478271,
  "layer3.0.pool": 1.3313491344451904,
  "layer4.0.pool": 1.2443748712539673
}