{
  "layer1.0.pool": 1.2808395624160767,
  "layer2.0.pool": 1.24159574508667,
  "layer3.0.pool": 1.2810145616531372,
  "layer4.0.pool": 1.278098225593567
}