{
  "layer1.0.pool": 1.1440587043762207,
  "layer2.0.pool": 1.2923274040222168,
  "layer3.0.pool": 1.0524230003356934,
  "layer4.0.pool": 1.2758527994155884
}