{
  "layer1.0.pool": 1.307015061378479,
  "layer2.0.pool": 1.2881720066070557,
  "layer3.0.pool": 1.2682892084121704,
  "layer4.0.pool": 1.3081779479980469
}