{
  "layer1.0.pool": 1.2286767959594727,
  "layer2.0.pool": 1.3674160242080688,
  "layer3.0.pool": 1.3498992919921875,
  "layer4.0.pool": 1.236884355545044
}